id,first_name,current_login_ip,last_login_ip
278,Nick,2607:f700:8001:1b:de58:5468:639b:8c8f,2607:f700:8001:1b:de58:5468:639b:8c8f
1412,Jim,2607:f700:8001:1b:de58:5468:639b:8c8f,2607:f700:8001:1b:de58:5468:639b:8c8f
1957,Alan,2607:f700:8001:1b:de58:5468:639b:8c8f,2607:f700:8001:1b:de58:5468:639b:8c8f
2136,Chris,2607:f700:8001:1b:de58:5468:639b:8c8f,2607:f700:8001:1b:de58:5468:639b:8c8f
3173,Michael,24.21.202.181,24.21.202.181
3834,Jon,142.196.143.8,67.30.140.26
5393,Amit,2607:f700:8001:1b:de58:5468:639b:8c8f,2607:f700:8001:1b:de58:5468:639b:8c8f
7179,Pasan,67.30.140.26,2607:f700:8001:1b:de58:5468:639b:8c8f
7653,Ryan,2607:f700:8001:1b:de58:5468:639b:8c8f,2607:f700:8001:1b:de58:5468:639b:8c8f
8597,Tyson,24.7.82.200,2607:f700:8001:1b:de58:5468:639b:8c8f
8925,Jared,50.161.115.21,2607:f700:8001:1b:de58:5468:639b:8c8f
9185,Jason,67.30.140.26,2607:f700:8001:1b:de58:5468:639b:8c8f
9597,Rich,96.58.166.73,96.58.166.73
10764,subuser1,97.79.57.135,97.79.57.135
10765,subuser2,24.73.152.82,97.79.57.135
10767,subuser3,24.73.152.82,184.91.254.24
11234,Elizabeth,72.187.36.60,72.187.36.60
11615,Fabi,72.238.40.1,72.238.40.1
12926,Mat,2607:f700:8001:1b:de58:5468:639b:8c8f,2607:f700:8001:1b:de58:5468:639b:8c8f
12927,Kevin,70.119.27.89,97.79.57.135
14110,Ariel,99.72.52.158,2607:f700:8001:1b:de58:5468:639b:8c8f
14111,Tommy,67.30.140.26,2607:f700:8001:1b:de58:5468:639b:8c8f
14117,Brittney,2607:f700:8001:1b:de58:5468:639b:8c8f,2607:f700:8001:1b:de58:5468:639b:8c8f
14119,Fred,71.47.83.150,2607:f700:8001:1b:de58:5468:639b:8c8f
14198,Chris,67.30.140.26,67.30.140.26
14266,Justyn,71.47.147.112,67.30.140.26
14297,Testing,97.79.57.135,97.79.57.135
14339,"Testing ",184.91.233.89,
14623,Tommy,99.127.214.33,2607:f700:8001:1b:de58:5468:639b:8c8f
14957,Subuser,184.91.254.24,97.79.57.135
15145,Miguel,71.46.234.210,71.46.234.210
15569,Retaking,108.70.236.176,
15570,RetakingSelctrs,108.70.236.176,
15947,Ryan,81.152.239.201,
16337,,,
18019,Ben,2607:f700:8001:1b:de58:5468:639b:8c8f,2607:f700:8001:1b:de58:5468:639b:8c8f
18262,"Jarrett ",166.205.49.77,184.90.56.68
18445,Jeremy,68.115.251.182,68.115.251.182
18563,Michael,2607:f700:8001:1b:de58:5468:639b:8c8f,166.137.186.16
18748,Faye,31.55.29.225,151.225.19.175
19643,Guil,2607:f700:8001:1b:de58:5468:639b:8c8f,2607:f700:8001:1b:de58:5468:639b:8c8f
20019,Dan,2607:f700:8001:1b:de58:5468:639b:8c8f,2607:f700:8001:1b:de58:5468:639b:8c8f
20156,Jonathan,68.59.188.141,68.59.188.141
20504,Sean,24.196.190.13,2607:f700:8001:1b:de58:5468:639b:8c8f
20509,Rick,50.161.67.115,2607:f700:8001:1b:de58:5468:639b:8c8f
21740,Christopher,67.193.116.13,67.193.116.13
22633,Alan,10.62.57.233,10.248.185.155
22837,Griffin,2607:f700:8001:1b:de58:5468:639b:8c8f,2607:f700:8001:1b:de58:5468:639b:8c8f
23576,Micah,2607:f700:8001:1b:de58:5468:639b:8c8f,2607:f700:8001:1b:de58:5468:639b:8c8f
23952,Yvette,50.139.32.234,50.139.32.234
23999,Luke,10.248.126.64,10.248.126.64
24174,Jake,67.30.140.26,2607:f700:8001:1b:de58:5468:639b:8c8f
24267,Chris,67.30.140.26,2607:f700:8001:1b:de58:5468:639b:8c8f
24591,,,
24919,Eric,2607:f700:8001:1b:de58:5468:639b:8c8f,71.165.11.253
25082,Daniel,2607:f700:8001:1b:de58:5468:639b:8c8f,2607:f700:8001:1b:de58:5468:639b:8c8f
25153,Marshall,2607:f700:8001:1b:de58:5468:639b:8c8f,2607:f700:8001:1b:de58:5468:639b:8c8f
25506,,,
26143,Aaron,2607:f700:8001:1b:de58:5468:639b:8c8f,2607:f700:8001:1b:de58:5468:639b:8c8f
26160,Paige,67.30.140.26,199.87.224.54
26170,Andrew,50.139.32.234,2607:f700:8001:1b:de58:5468:639b:8c8f
26205,Rob,2607:f700:8001:1b:de58:5468:639b:8c8f,2607:f700:8001:1b:de58:5468:639b:8c8f
26397,Robert S,96.231.138.118,2607:f700:8001:1b:de58:5468:639b:8c8f
26479,Patrick,2607:f700:8001:1b:de58:5468:639b:8c8f,2607:f700:8001:1b:de58:5468:639b:8c8f
27106,Chris,67.180.230.71,67.180.230.71
27359,Zac,172.56.2.13,69.143.54.135
28897,Alan,10.28.251.230,
31257,Unsubscribed,50.200.5.113,24.148.64.145
33156,guest,80.171.179.213,80.171.179.213
33367,Alan,76.115.44.46,
34904,Media,151.225.82.215,68.60.1.28
34907,Online,149.170.169.3,69.136.58.240
37687,Tim,68.115.251.182,
38374,Adobe,69.136.58.240,69.136.58.240
39571,Jean-Louis,2607:f700:8001:1b:de58:5468:639b:8c8f,2607:f700:8001:1b:de58:5468:639b:8c8f
42708,Rick,50.131.222.139,96.37.235.11
42819,Demo Account,67.30.140.26,67.30.140.26
45132,Test this code,24.73.152.82,
48525,The,67.30.140.26,67.30.140.26
48927,Demo,2607:f700:8001:1b:de58:5468:639b:8c8f,206.194.127.112
54435,Matthew,2607:f700:8001:1b:de58:5468:639b:8c8f,2607:f700:8001:1b:de58:5468:639b:8c8f
63356,Ryan,,
63357,Joe,,
63358,Billy,,
63612,chris,,
63613,Test,,
64065,Testing,,
69302,Alan,,
69303,Alan,,
72097,chris,,
72345,John,173.56.7.192,173.56.7.192
73627,Etan,,
73798,Alan,,
73940,Alan,,
73943,Alan,,
74463,Alan,,
74485,Alan,,
75009,Alan,,
75400,Robert,,
75884,Alan,,
75885,Alan,,
75886,Alan,,
75938,Donkey,,
75939,Original,,
76145,Alan,,
76146,Alan,,
76685,Alan,,
76686,Alan,,
77399,Buddy,,
77455,Demo,,
77753,test,,
79989,Heather,24.21.175.83,
83600,"Joe ",76.115.44.165,
85954,Travis,2607:f700:8001:1b:de58:5468:639b:8c8f,2607:f700:8001:1b:de58:5468:639b:8c8f
86418,Hampton,2607:f700:8001:1b:de58:5468:639b:8c8f,2607:f700:8001:1b:de58:5468:639b:8c8f
87338,Joe,2607:f700:8001:1b:de58:5468:639b:8c8f,2607:f700:8001:1b:de58:5468:639b:8c8f
87340,Kyle,2607:f700:8001:1b:de58:5468:639b:8c8f,2607:f700:8001:1b:de58:5468:639b:8c8f
90101,Tim,67.30.140.26,2607:f700:8001:1b:de58:5468:639b:8c8f
91454,Shawna,2607:f700:8001:1b:de58:5468:639b:8c8f,2607:f700:8001:1b:de58:5468:639b:8c8f
93995,,,
94110,Lexington,50.53.132.47,
98052,Eric,75.119.251.71,75.119.251.71
100988,Apple,96.243.210.172,173.65.246.31
104587,Johnny,2607:f700:8001:1b:de58:5468:639b:8c8f,2607:f700:8001:1b:de58:5468:639b:8c8f
106684,,,
107777,Mike,142.196.162.85,50.161.66.247
107842,Eric,184.97.83.218,184.97.83.218
107949,void,50.133.165.105,50.133.165.105
108058,Trial,24.21.119.44,
109369,Jonathan,184.89.5.81,2607:f700:8001:1b:de58:5468:639b:8c8f
111716,John Paul,166.170.35.168,2607:f700:8001:1b:de58:5468:639b:8c8f
111803,,,
112404,Jay,67.30.140.26,2607:f700:8001:1b:de58:5468:639b:8c8f
114660,jonathan,66.250.191.192,
114666,The,68.60.9.141,166.137.81.75
115687,MontgomeryCo,68.60.9.141,68.60.9.141
116236,Kevin,24.21.119.44,24.21.119.44
117252,Conference,24.172.46.34,67.30.140.26
117486,Brooklyn,2607:f700:8001:1b:de58:5468:639b:8c8f,68.60.9.141
117914,"Chris ",67.30.140.26,67.30.140.26
118331,OCLS,50.131.222.139,50.131.222.139
119092,Kenton Demo,68.60.9.141,67.30.140.26
121162,Chelsey,50.165.115.74,50.165.115.74
121450,Jay,2607:f700:8001:1b:de58:5468:639b:8c8f,2607:f700:8001:1b:de58:5468:639b:8c8f
121986,Test,24.20.26.221,
124200,Manchester,94.14.20.56,71.167.229.98
124676,Scott,66.177.170.34,66.177.170.34
125182,Billy,50.139.50.91,
125991,Alan,50.139.51.142,
128190,blahha,50.139.50.91,
128401,Test,50.139.50.91,
128422,Lora L.,2607:f700:8001:1b:de58:5468:639b:8c8f,2607:f700:8001:1b:de58:5468:639b:8c8f
129255,Ryan,50.139.50.91,50.139.50.91
129667,Ryan,50.139.50.91,
130795,Alex,174.44.58.93,174.44.58.93
146022,Garrett,2607:f700:8001:1b:de58:5468:639b:8c8f,
164812,chris test,2607:f700:8001:1b:de58:5468:639b:8c8f,
170882,,,
170902,,,
171122,Flow,2607:f700:8001:1b:de58:5468:639b:8c8f,
188732,Micah,2607:f700:8001:1b:de58:5468:639b:8c8f,
206582,Chris Test Test,2607:f700:8001:1b:de58:5468:639b:8c8f,
210812,,,
270942,Nate,2607:f700:8001:1b:de58:5468:639b:8c8f,2607:f700:8001:1b:de58:5468:639b:8c8f
282592,,,
309772,Kristen,71.183.18.17,71.183.18.17
316592,John,2607:f700:8001:1b:de58:5468:639b:8c8f,
364082,Milo,71.193.202.124,2607:f700:8001:1b:de58:5468:639b:8c8f
383072,Guest,207.159.196.253,207.159.196.253
